,patch_type,environment,n_samples,skewness,skewness_p,kurtosis,normality_p
0,Patch 1,Env 1,206,0.2825896490382379,0.09254840561591324,-0.924059177423064,9.162889308040128e-07
1,Patch 1,Env 2,498,0.19930776022133184,0.06798245758233082,-0.10052504469738999,0.17896935186066512
2,Patch 2,Env 1,286,0.06414960837993101,0.6502529491680635,-0.5840257634187798,0.023031963740037166
3,Patch 2,Env 2,297,0.061422185047080594,0.658443503563847,-0.7390076534294798,0.000246072402838619
4,Patch 3,Env 1,539,-0.043971027853584366,0.6728949969733362,0.026714466807492787,0.8794607851130192
5,Patch 3,Env 2,196,-0.16155673503833817,0.34192983232719654,-0.9954752989635121,5.598017399091954e-08
